Workbook

Sheet ⚙ Einstellungen
A1: 📓 KOSTEN-TAGEBUCH
A2: Einstellungen & Rahmendaten
A4: Name / Team | B4: Dein Name
A5: Projektname (Case) | B5: Projektname
A6: Stundensatz (€/h) | B6: 100 | C6: ← Blaue Felder = Eingabe
A7: Semester | B7: SoSe 2025
A8: Startdatum
A10: 📂 Kategorien (Referenz)
A11: 1 | B11: Vorlesung / Präsenzzeit
A12: 2 | B12: Eigenstudium – Konzeption & Design
A13: 3 | B13: Eigenstudium – Implementierung
A14: 4 | B14: Eigenstudium – Recherche & Lernen
A15: 5 | B15: Eigenstudium – Debugging & Fehlerbehebung
A16: 6 | B16: Eigenstudium – Dokumentation

Sheet 📝 Tagebuch
A1: 📓 KOSTEN-TAGEBUCH – Einträge
A2: Datum | B2: Was habe ich gemacht? | C2: Kategorie | D2: Stunden | E2: Minuten | F2: Kosten (€) | G2: Aha-Momente | H2: Schwierigkeiten | I2: Schneller möglich? | J2: Begründung
F3: =IF(D3="","",ROUND((D3+IF(E3="",0,E3/60))*'⚙ Einstellungen'!$B$6,2))
F4: =IF(D4="","",ROUND((D4+IF(E4="",0,E4/60))*'⚙ Einstellungen'!$B$6,2))
F5: =IF(D5="","",ROUND((D5+IF(E5="",0,E5/60))*'⚙ Einstellungen'!$B$6,2))
F6: =IF(D6="","",ROUND((D6+IF(E6="",0,E6/60))*'⚙ Einstellungen'!$B$6,2))
F7: =IF(D7="","",ROUND((D7+IF(E7="",0,E7/60))*'⚙ Einstellungen'!$B$6,2))
F8: =IF(D8="","",ROUND((D8+IF(E8="",0,E8/60))*'⚙ Einstellungen'!$B$6,2))
F9: =IF(D9="","",ROUND((D9+IF(E9="",0,E9/60))*'⚙ Einstellungen'!$B$6,2))
F10: =IF(D10="","",ROUND((D10+IF(E10="",0,E10/60))*'⚙ Einstellungen'!$B$6,2))
F11: =IF(D11="","",ROUND((D11+IF(E11="",0,E11/60))*'⚙ Einstellungen'!$B$6,2))
F12: =IF(D12="","",ROUND((D12+IF(E12="",0,E12/60))*'⚙ Einstellungen'!$B$6,2))
F13: =IF(D13="","",ROUND((D13+IF(E13="",0,E13/60))*'⚙ Einstellungen'!$B$6,2))
F14: =IF(D14="","",ROUND((D14+IF(E14="",0,E14/60))*'⚙ Einstellungen'!$B$6,2))
... F52: =IF(D52="","",ROUND((D52+IF(E52="",0,E52/60))*'⚙ Einstellungen'!$B$6,2))

Sheet 📊 Zusammenfassung
A1: 📊 KOSTEN-ZUSAMMENFASSUNG
A2: =" Projekt: "&'⚙ Einstellungen'!B5&" | Stundensatz: "&'⚙ Einstellungen'!B6&" €/h" -> Projekt: Projektname | Stundensatz: 100 €/h
A4: 📌 Gesamtübersicht
A5: Gesamtstunden | B5: =SUMPRODUCT(('📝 Tagebuch'!D3:D52<>"")*'📝 Tagebuch'!D3:D52+('📝 Tagebuch'!E3:E52<>"")*'📝 Tagebuch'!E3:E52/60) -> 0
A6: Gesamtkosten (€) | B6: =SUMIF('📝 Tagebuch'!F3:F52,"<>",'📝 Tagebuch'!F3:F52) -> 0
A7: Anzahl Einträge | B7: =COUNTA('📝 Tagebuch'!A3:A52) -> 0
A8: Ø Kosten/Eintrag | B8: =IFERROR(B6/B7,"-") -> -
A10: 📂 Kosten nach Kategorie
A11: Kategorie | B11: Stunden | C11: Kosten (€) | D11: Anteil (%)
A12: Vorlesung / Präsenzzeit | B12: =SUMPRODUCT(('📝 Tagebuch'!C3:C52="Vorlesung / Präsenzzeit")*(('📝 Tagebuch'!D3:D52<>"")*'📝 Tagebuch'!D3:D52+('📝 Tagebuch'!E3:E52<>"")*'📝 Tagebuch'!E3:E52/60)) -> 0 | C12: =SUMIF('📝 Tagebuch'!C3:C52,"Vorlesung / Präsenzzeit",'📝 Tagebuch'!F3:F52) -> 0 | D12: =IFERROR(C12/B$6,0) -> 0
A13: Eigenstudium – Konzeption & Design | B13: =SUMPRODUCT(('📝 Tagebuch'!C3:C52="Eigenstudium – Konzeption & Design")*(('📝 Tagebuch'!D3:D52<>"")*'📝 Tagebuch'!D3:D52+('📝 Tagebuch'!E3:E52<>"")*'📝 Tagebuch'!E3:E52/60)) -> 0 | C13: =SUMIF('📝 Tagebuch'!C3:C52,"Eigenstudium – Konzeption & Design",'📝 Tagebuch'!F3:F52) -> 0 | D13: =IFERROR(C13/B$6,0) -> 0
A14: Eigenstudium – Implementierung | B14: =SUMPRODUCT(('📝 Tagebuch'!C3:C52="Eigenstudium – Implementierung")*(('📝 Tagebuch'!D3:D52<>"")*'📝 Tagebuch'!D3:D52+('📝 Tagebuch'!E3:E52<>"")*'📝 Tagebuch'!E3:E52/60)) -> 0 | C14: =SUMIF('📝 Tagebuch'!C3:C52,"Eigenstudium – Implementierung",'📝 Tagebuch'!F3:F52) -> 0 | D14: =IFERROR(C14/B$6,0) -> 0
A15: Eigenstudium – Recherche & Lernen | B15: =SUMPRODUCT(('📝 Tagebuch'!C3:C52="Eigenstudium – Recherche & Lernen")*(('📝 Tagebuch'!D3:D52<>"")*'📝 Tagebuch'!D3:D52+('📝 Tagebuch'!E3:E52<>"")*'📝 Tagebuch'!E3:E52/60)) -> 0 | C15: =SUMIF('📝 Tagebuch'!C3:C52,"Eigenstudium – Recherche & Lernen",'📝 Tagebuch'!F3:F52) -> 0 | D15: =IFERROR(C15/B$6,0) -> 0
A16: Eigenstudium – Debugging & Fehlerbehebung | B16: =SUMPRODUCT(('📝 Tagebuch'!C3:C52="Eigenstudium – Debugging & Fehlerbehebung")*(('📝 Tagebuch'!D3:D52<>"")*'📝 Tagebuch'!D3:D52+('📝 Tagebuch'!E3:E52<>"")*'📝 Tagebuch'!E3:E52/60)) -> 0 | C16: =SUMIF('📝 Tagebuch'!C3:C52,"Eigenstudium – Debugging & Fehlerbehebung",'📝 Tagebuch'!F3:F52) -> 0 | D16: =IFERROR(C16/B$6,0) -> 0
A17: Eigenstudium – Dokumentation | B17: =SUMPRODUCT(('📝 Tagebuch'!C3:C52="Eigenstudium – Dokumentation")*(('📝 Tagebuch'!D3:D52<>"")*'📝 Tagebuch'!D3:D52+('📝 Tagebuch'!E3:E52<>"")*'📝 Tagebuch'!E3:E52/60)) -> 0 | C17: =SUMIF('📝 Tagebuch'!C3:C52,"Eigenstudium – Dokumentation",'📝 Tagebuch'!F3:F52) -> 0 | D17: =IFERROR(C17/B$6,0) -> 0
A18: Gesamt | B18: =SUM(B12:B17) -> 0 | C18: =SUM(C12:C17) -> 0 | D18: =IFERROR(C18/C18,"")
A20: 📅 Letzte 10 Einträge – Laufende Kosten
A21: Datum | B21: Aktivität (Kurzform) | C21: Kosten | D21: Kumuliert
A22: ='📝 Tagebuch'!A3 -> 0 | B22: ='📝 Tagebuch'!B3 -> 0 | C22: =IFERROR('📝 Tagebuch'!F3,"") | D22: =IFERROR('📝 Tagebuch'!F3*1,0) -> 0
A23: ='📝 Tagebuch'!A4 -> 0 | B23: ='📝 Tagebuch'!B4 -> 0 | C23: =IFERROR('📝 Tagebuch'!F4,"") | D23: =D22+IFERROR('📝 Tagebuch'!F4*1,0) -> 0
A24: ='📝 Tagebuch'!A5 -> 0 | B24: ='📝 Tagebuch'!B5 -> 0 | C24: =IFERROR('📝 Tagebuch'!F5,"") | D24: =D23+IFERROR('📝 Tagebuch'!F5*1,0) -> 0
A25: ='📝 Tagebuch'!A6 -> 0 | B25: ='📝 Tagebuch'!B6 -> 0 | C25: =IFERROR('📝 Tagebuch'!F6,"") | D25: =D24+IFERROR('📝 Tagebuch'!F6*1,0) -> 0
A26: ='📝 Tagebuch'!A7 -> 0 | B26: ='📝 Tagebuch'!B7 -> 0 | C26: =IFERROR('📝 Tagebuch'!F7,"") | D26: =D25+IFERROR('📝 Tagebuch'!F7*1,0) -> 0
A27: ='📝 Tagebuch'!A8 -> 0 | B27: ='📝 Tagebuch'!B8 -> 0 | C27: =IFERROR('📝 Tagebuch'!F8,"") | D27: =D26+IFERROR('📝 Tagebuch'!F8*1,0) -> 0
A28: ='📝 Tagebuch'!A9 -> 0 | B28: ='📝 Tagebuch'!B9 -> 0 | C28: =IFERROR('📝 Tagebuch'!F9,"") | D28: =D27+IFERROR('📝 Tagebuch'!F9*1,0) -> 0
A29: ='📝 Tagebuch'!A10 -> 0 | B29: ='📝 Tagebuch'!B10 -> 0 | C29: =IFERROR('📝 Tagebuch'!F10,"") | D29: =D28+IFERROR('📝 Tagebuch'!F10*1,0) -> 0
A30: ='📝 Tagebuch'!A11 -> 0 | B30: ='📝 Tagebuch'!B11 -> 0 | C30: =IFERROR('📝 Tagebuch'!F11,"") | D30: =D29+IFERROR('📝 Tagebuch'!F11*1,0) -> 0
A31: ='📝 Tagebuch'!A12 -> 0 | B31: ='📝 Tagebuch'!B12 -> 0 | C31: =IFERROR('📝 Tagebuch'!F12,"") | D31: =D30+IFERROR('📝 Tagebuch'!F12*1,0) -> 0
